mysql> select * from personne;
+-------------+-----------+---------+------------+------------+---------------+--------------+
| id_personne | nom       | prenom  | adresse    | telephone  | fonction      | id_Encadrant |
+-------------+-----------+---------+------------+------------+---------------+--------------+
|           1 | walou     | hamid   | MASSIRA 2  | 0606000000 | directeur     |             1|
|           2 | kbour     | kbbour  | MASSIRA 1  | 0648594809 | éleveur       |            1 |
|           3 | waloun    | ahmed   | MASSIRA 3  | 0694894498 | propriétaire  |            1 |
+-------------+-----------+---------+------------+------------+---------------+--------------+
4 rows in set (0.00 sec)

mysql> select * from cheval;
+-----------+------------+---------+-------------+-----------+---------+-------------+----------+
| id_cheval | nom_cheval | couleur | no_tatouage | id_female | id_male | id_personne | nom_race |
+-----------+------------+---------+-------------+-----------+---------+-------------+----------+
|         1 | kbour      | blue    |           1 |      NULL |    NULL |           2 | Arabian  |
+-----------+------------+---------+-------------+-----------+---------+-------------+----------+
3 rows in set (0.00 sec)

mysql> select * from Race;
+----------+-----------+-------------+
| nom_race | poid_type | taille_type |
+----------+-----------+-------------+
| Arabian  | 500       | 1.85        |
| Pottok   | 375       | 1.52        |
+----------+-----------+-------------+
2 rows in set (0.00 sec)

mysql> select * from concours;
+--------------+-----------------+-----------+------------+
| nom_concours | No_participants | lieu      | annee      |
+--------------+-----------------+-----------+------------+
| lfaras       |              50 | marrakech | 2022-01-01 |
+--------------+-----------------+-----------+------------+
1 row in set (0.00 sec)

mysql> select * from cheval_concours;
+-----------+--------------+-------+
| id_cheval | nom_concours | place |
+-----------+--------------+-------+
|         1 | lfaras       |     5 |
+-----------+--------------+-------+
1 row in set (0.00 sec)

mysql> select * from croissance;
+---------------+------------+------+--------+-----------+
| id_croissance | mois       | poid | taille | id_cheval |
+---------------+------------+------+--------+-----------+
|             1 | 2023-12-30 |  300 |      2 |         1 |
+---------------+------------+------+--------+-----------+
1 row in set (0.00 sec)

mysql> select * from proprietiare;
+-------------+-----------+--------+------------+
| id_personne | id_cheval | prix   | date_achat |
+-------------+-----------+--------+------------+
|           3 |         1 | 100000 | 2022-03-31 |
+-------------+-----------+--------+------------+
1 row in set (0.00 sec)

mysql> select * from cheval
    -> where nom_race = 'Arabian'
    -> order by nom_cheval desc;
+-----------+------------+---------+-------------+-----------+---------+-------------+----------+
| id_cheval | nom_cheval | couleur | no_tatouage | id_female | id_male | id_personne | nom_race |
+-----------+------------+---------+-------------+-----------+---------+-------------+----------+
|         1 | bob        | red     |           2 |      NULL |    NULL |           2 | Arabian  |
|         2 | ahmed      | blue    |           1 |      NULL |    NULL |           2 | Arabian  |
|         3 | chevalinho | blue    |           1 |      NULL |    NULL |           2 | Arabian  |
+-----------+------------+---------+-------------+-----------+---------+-------------+----------+
2 rows in set (0.00 sec)



mysql> select * from proprietiare;
+-------------+-----------+--------+------------+
| id_personne | id_cheval | prix   | date_achat |
+-------------+-----------+--------+------------+
|           3 |         1 | 100000 | 2022-03-31 |
+-------------+-----------+--------+------------+
1 row in set (0.00 sec)

mysql> select * from personne
    -> where id_encadrant is null;
+-------------+-----------+--------+---------+------------+-----------+--------------+
| id_personne | nom       | prenom | adresse | telephone  | fonction  | id_Encadrant |
+-------------+-----------+--------+---------+------------+-----------+--------------+
|           1 | el kelkha | saad   | sofia   | 0635794714 | directeur |         NULL |
+-------------+-----------+--------+---------+------------+-----------+--------------+
1 row in set (0.00 sec)

mysql> insert into concours
    -> values('Persian Week',100,'Rabat','2019-05-25');
Query OK, 1 row affected (0.01 sec)

mysql> select * from concours
    -> where annee between '2019-01-01' and '2019-12-31';
+--------------+-----------------+-------+------------+
| nom_concours | No_participants | lieu  | annee      |
+--------------+-----------------+-------+------------+
| Persian Week |             100 | Rabat | 2019-05-25 |
+--------------+-----------------+-------+------------+
1 row in set (0.00 sec)

mysql>